#SampleID	wombatid	bodysite	sampletype	infectionstatus	16Sindexnumber	ITSindexnumber	platform	servicetype	limsid	samplecode	plate	well
w1	W001	toe	Skin	Uninfected	GCGATATA+ATCGTACG	GAAGAAGC+ACGACGTG	MiSeq	2x250bp	NAE8636A1	DRH--000	Plate 1	A:1
w2	W001	toe	Skin	Uninfected	GCGATATA+ACTATCTG	GAAGAAGC+ATATACAC	MiSeq	2x250bp	NAE8636A2	DRH--001	Plate 1	B:1
w3	W001	groin	Skin	Uninfected	GGAGACAA+TAGCGAGT	GAAGAAGC+CGTCGCTA	MiSeq	2x250bp	NAE8636A3	DRH--002	Plate 1	C:1
w4	W001	groin	Skin	Uninfected	GGAGACAA+CTGCGTGT	GAAGAAGC+CTAGAGCT	MiSeq	2x250bp	NAE8636A4	DRH--003	Plate 1	D:1
w5	W001	right side	Skin	Uninfected	GGAGACAA+TCATCGAG	GAAGAAGC+GCTCTAGT	MiSeq	2x250bp	NAE8636A5	DRH--004	Plate 1	E:1
w6	W001	right side	Skin	Uninfected	GGAGACAA+CGTGAGTG	GAAGAAGC+GACACTGA	MiSeq	2x250bp	NAE8636A6	DRH--005	Plate 1	F:1
w7	W002	toe	Skin	Infected	GCGATATA+GGATATCT	GAAGAAGC+TGCGTACG	MiSeq	2x250bp	NAE8636A7	DRH--006	Plate 1	G:1
w8	W002	toe	Skin	Infected	GCGATATA+GACACCGT	GAAGAAGC+TCGTGTAG	MiSeq	2x250bp	NAE8636A8	DRH--007	Plate 1	H:1
w9	W002	groin	Skin	Infected	AATCAGTC+ATCGTACG	GAGAGAAT+ACGACGTG	MiSeq	2x250bp	NAE8636A9	DRH--008	Plate 1	A:2
w10	W002	groin	Skin	Infected	AATCAGTC+ACTATCTG	GAGAGAAT+ATATACAC	MiSeq	2x250bp	NAE8636A10	DRH--009	Plate 1	B:2
w11	W002	left side	Skin	Infected	AATCAGTC+TAGCGAGT	GAGAGAAT+CGTCGCTA	MiSeq	2x250bp	NAE8636A11	DRH--010	Plate 1	C:2
w12	W002	left side	Skin	Infected	AATCAGTC+CTGCGTGT	GAGAGAAT+CTAGAGCT	MiSeq	2x250bp	NAE8636A12	DRH--011	Plate 1	D:2
w13	W003	toe	Skin	Infected	AATCAGTC+TCATCGAG	GAGAGAAT+GCTCTAGT	MiSeq	2x250bp	NAE8636A13	DRH--012	Plate 1	E:2
w14	W003	toe	Skin	Infected	AATCAGTC+CGTGAGTG	GAGAGAAT+GACACTGA	MiSeq	2x250bp	NAE8636A14	DRH--013	Plate 1	F:2
w15	W003	groin	Skin	Infected	AATCAGTC+GGATATCT	GAGAGAAT+TGCGTACG	MiSeq	2x250bp	NAE8636A15	DRH--014	Plate 1	G:2
w16	W003	groin	Skin	Infected	AATCAGTC+GACACCGT	GAGAGAAT+TAGTGTAG	MiSeq	2x250bp	NAE8636A16	DRH--015	Plate 1	H:2
w17	W003	left side	Skin	Infected	AATCCGTA+ATCGTACG	TCGTCGAT+ACGACGTG	MiSeq	2x250bp	NAE8636A17	DRH--016	Plate 1	A:3
w18	W003	left side	Skin	Infected	AATCCGTA+ACTATCTG	TCGTCGAT+ATATACAC	MiSeq	2x250bp	NAE8636A18	DRH--017	Plate 1	B:3
w19	W004	toe	Skin	Infected	GCGATATA+TAGCGAGT	TCGTCGAT+CGTCGCTA	MiSeq	2x250bp	NAE8636A19	DRH--018	Plate 1	C:3
w20	W004	toe	Skin	Infected	GCGATATA+CTGCGTGT	TCGTCGAT+CTAGAGCT	MiSeq	2x250bp	NAE8636A20	DRH--019	Plate 1	D:3
w21	W004	groin	Skin	Infected	AATCCGTA+TCATCGAG	TCGTCGAT+GCTCTAGT	MiSeq	2x250bp	NAE8636A21	DRH--020	Plate 1	E:3
w22	W004	groin	Skin	Infected	AATCCGTA+CGTGAGTG	TCGTCGAT+GATACTGA	MiSeq	2x250bp	NAE8636A22	DRH--021	Plate 1	F:3
w23	W004	right side	Skin	Infected	AATCCGTA+GGATATCT	TCGTCGAT+TGCGTACG	MiSeq	2x250bp	NAE8636A23	DRH--022	Plate 1	G:3
w24	W004	right side	Skin	Infected	AATCCGTA+GACACCGT	TCGTCGAT+TAGTGTAG	MiSeq	2x250bp	NAE8636A24	DRH--023	Plate 1	H:3
w25	W005	toe	Skin	Infected	TAGGATTG+ATCGTACG	ATTGGGCT+ ACGACGTG	MiSeq	2x250bp	NAE8636A25	DRH--024	Plate 1	A:4
w26	W005	toe	Skin	Infected	TAGGATTG+ACTATCTG	ATTGGGCT+ATATACAC	MiSeq	2x250bp	NAE8636A26	DRH--025	Plate 1	B:4
w27	W005	groin	Skin	Infected	ACACCTGG+TAGCGAGT	TTCTACAC+CGTCGCTA	MiSeq	2x250bp	NAE8636A27	DRH--026	Plate 1	C:4
w28	W005	groin	Skin	Infected	ACACCTGG+CTGCGTGT	ATTGGGCT+CTAGAGCT	MiSeq	2x250bp	NAE8636A28	DRH--027	Plate 1	D:4
w29	W005	right side	Skin	Infected	ACACCTGG+TCATCGAG	ATTGGGCT+GCTCTAGT	MiSeq	2x250bp	NAE8636A29	DRH--028	Plate 1	E:4
w30	W005	right side	Skin	Infected	ACACCTGG+CGTGAGTG	ATTGGGCT+GACACTGA	MiSeq	2x250bp	NAE8636A30	DRH--029	Plate 1	F:4
w31	W006	toe	Skin	Infected	ACACCTGG+GGATATCT	ATTGGGCT+TGCGTACG	MiSeq	2x250bp	NAE8636A31	DRH--030	Plate 1	G:4
w32	W006	toe	Skin	Infected	TAGGATTG+GACACCGT	ATTGGGCT+TAGTGTAG	MiSeq	2x250bp	NAE8636A32	DRH--031	Plate 1	H:4
w33	W006	groin	Skin	Infected	TATCGTTG+ATCGTACG	ACCACATA+ACGACGTG	MiSeq	2x250bp	NAE8636A33	DRH--032	Plate 1	A:5
w34	W006	groin	Skin	Infected	TATCGTTG+ACTATCTG	ATACTTCG+ATATACAC	MiSeq	2x250bp	NAE8636A34	DRH--033	Plate 1	B:5
w35	W006	right side	Skin	Infected	TATCGTTG+TAGCGAGT	ATACTTCG+CGTCGCTA	MiSeq	2x250bp	NAE8636A35	DRH--034	Plate 1	C:5
w36	W006	right side	Skin	Infected	TATCGTTG+CTGCGTGT	ACCACATA+CTAGAGCT	MiSeq	2x250bp	NAE8636A36	DRH--035	Plate 1	D:5
w37	W008	toe	Skin	Infected	GCGATATA+TCATCGAG	ACCACATA+GCTCTAGT	MiSeq	2x250bp	NAE8636A37	DRH--036	Plate 1	E:5
w38	W008	toe	Skin	Infected	GCGATATA+CGTGAGTG	ACCACATA+GACACTGA	MiSeq	2x250bp	NAE8636A38	DRH--037	Plate 1	F:5
w39	W008	groin	Skin	Infected	TATCGTTG+GGATATCT	ACCACATA+TGCGTACG	MiSeq	2x250bp	NAE8636A39	DRH--038	Plate 1	G:5
w40	W008	groin	Skin	Infected	TATCGTTG+GACACCGT	ACCACATA+TAGTGTAG	MiSeq	2x250bp	NAE8636A40	DRH--039	Plate 1	H:5
w41	W008	right side	Skin	Infected	TTACTGTG+ATCGTACG	AACACAAG+ACGACGTG	MiSeq	2x250bp	NAE8636A41	DRH--040	Plate 1	A:6
w42	W008	right side	Skin	Infected	TTACTGTG+ACTATCTG	AACACAAG+ATATACAC	MiSeq	2x250bp	NAE8636A42	DRH--041	Plate 1	B:6
w43	W009	toe	Skin	Infected	TTACTGTG+TAGCGAGT	AACACAAG+CGTCGCTA	MiSeq	2x250bp	NAE8636A43	DRH--042	Plate 1	C:6
w44	W009	toe	Skin	Infected	TAGGATTG+CTGCGTGT	AACACAAG+CTAGAGCT	MiSeq	2x250bp	NAE8636A44	DRH--043	Plate 1	D:6
w45	W009	groin	Skin	Infected	TTACTGTG+TCATCGAG	AACACAAG+GCTCTAGT	MiSeq	2x250bp	NAE8636A45	DRH--044	Plate 1	E:6
w46	W009	groin	Skin	Infected	TTACTGTG+CGTGAGTG	AACACAAG+GACACTGA	MiSeq	2x250bp	NAE8636A46	DRH--045	Plate 1	F:6
w47	W009	right side	Skin	Infected	TTACTGTG+GGATATCT	AACACAAG+TGCGTACG	MiSeq	2x250bp	NAE8636A47	DRH--046	Plate 1	G:6
w48	W009	right side	Skin	Infected	TTACTGTG+GACACCGT	AACACAAG+TAGTGTAG	MiSeq	2x250bp	NAE8636A48	DRH--047	Plate 1	H:6
w49	W010	toe	Skin	Infected	AGGCTACA+ATCGTACG	AATGTCCG+ACGACGTG	MiSeq	2x250bp	NAE8636A49	DRH--048	Plate 1	A:7
w50	W010	toe	Skin	Infected	AGGCTACA+ACTATCTG	AATGTCCG+ATATACAC	MiSeq	2x250bp	NAE8636A50	DRH--049	Plate 1	B:7
w51	W010	groin	Skin	Infected	AGGCTACA+TAGCGAGT	TCTACGGA+CGTCGCTA	MiSeq	2x250bp	NAE8636A51	DRH--050	Plate 1	C:7
w52	W010	groin	Skin	Infected	AGGCTACA+CTGCGTGT	AATGTCCG+CTAGAGCT	MiSeq	2x250bp	NAE8636A52	DRH--051	Plate 1	D:7
w53	W010	right side	Skin	Infected	AGGCTACA+TCATCGAG	AATGTCCG+GCTCTAGT	MiSeq	2x250bp	NAE8636A53	DRH--052	Plate 1	E:7
w54	W010	right side	Skin	Infected	AGGCTACA+CGTGAGTG	AATGTCCG+GACACTGA	MiSeq	2x250bp	NAE8636A54	DRH--053	Plate 1	F:7
w55	W011	toe	Skin	Infected	TAGGATTG+GGATATCT	AATGTCCG+TGCGTACG	MiSeq	2x250bp	NAE8636A55	DRH--054	Plate 1	G:7
w56	W011	toe	Skin	Infected	ATGTGCAC+GACACCGT	AATGTCCG+TAGTGTAG	MiSeq	2x250bp	NAE8636A56	DRH--055	Plate 1	H:7
w57	W011	groin	Skin	Infected	CTAACCTC+ATCGTACG	TACTTCGC+ACGACGTG	MiSeq	2x250bp	NAE8636A57	DRH--056	Plate 1	A:8
w58	W011	groin	Skin	Infected	CTAACCTC+ACTATCTG	TACTTCGC+ATATACAC	MiSeq	2x250bp	NAE8636A58	DRH--057	Plate 1	B:8
w59	W011	right side	Skin	Infected	CTAACCTC+TAGCGAGT	TACTTCGC+CGTCGCTA	MiSeq	2x250bp	NAE8636A59	DRH--058	Plate 1	C:8
w60	W011	right side	Skin	Infected	CTAACCTC+CTGCGTGT	TACTTCGC+CTAGAGCT	MiSeq	2x250bp	NAE8636A60	DRH--059	Plate 1	D:8
w61	W012	toe	Skin	Infected	TAGGATTG+TCATCGAG	TACTTCGC+GCTCTAGT	MiSeq	2x250bp	NAE8636A61	DRH--060	Plate 1	E:8
w62	W012	toe	Skin	Infected	TAGGATTG+CGTGAGTG	TACTTCGC+GACACTGA	MiSeq	2x250bp	NAE8636A62	DRH--061	Plate 1	F:8
w63	W012	groin	Skin	Infected	CTAACCTC+GGATATCT	TACTTCGC+TGCGTACG	MiSeq	2x250bp	NAE8636A63	DRH--062	Plate 1	G:8
w64	W012	groin	Skin	Infected	CTAACCTC+GACACCGT	TACTTCGC+TAGTGTAG	MiSeq	2x250bp	NAE8636A64	DRH--063	Plate 1	H:8
w65	W012	right side	Skin	Infected	GAACCAAA+ATCGTACG	GCTTCGGT+ACGACGTG	MiSeq	2x250bp	NAE8636A65	DRH--064	Plate 1	A:9
w66	W012	right side	Skin	Infected	GAACCAAA+ACTATCTG	GCTTCGGT+ATATACAC	MiSeq	2x250bp	NAE8636A66	DRH--065	Plate 1	B:9
w67	W013	toe	Skin	Infected	TAGGATTG+TAGCGAGT	GCTTCGGT+CGTCGCTA	MiSeq	2x250bp	NAE8636A67	DRH--066	Plate 1	C:9
w68	W013	toe	Skin	Infected	GAACCAAA+CTGCGTGT	GCTTCGGT+CTAGAGCT	MiSeq	2x250bp	NAE8636A68	DRH--067	Plate 1	D:9
w69	W013	groin	Skin	Infected	GAACCAAA+TCATCGAG	GCTTCGGT+GCTCTAGT	MiSeq	2x250bp	NAE8636A69	DRH--068	Plate 1	E:9
w70	W013	groin	Skin	Infected	GAACCAAA+CGTGAGTG	GCTTCGGT+GACACTGA	MiSeq	2x250bp	NAE8636A70	DRH--069	Plate 1	F:9
w71	W013	left side	Skin	Infected	GAACCAAA+GGATATCT	GCTTCGGT+TGCGTACG	MiSeq	2x250bp	NAE8636A71	DRH--070	Plate 1	G:9
w72	W013	left side	Skin	Infected	GAACCAAA+GACACCGT	TCTTCGGT+TAGTGTAG	MiSeq	2x250bp	NAE8636A72	DRH--071	Plate 1	H:9
w73	WO14	toe	Skin	Infected	GTATGCGC+ATCGTACG	CTTACACC+ACGACGTG	MiSeq	2x250bp	NAE8636A73	DRH--072	Plate 1	A:10
w74	WO14	toe	Skin	Infected	GTATGCGC+ACTATCTG	CTTACACC+ATATACAC	MiSeq	2x250bp	NAE8636A74	DRH--073	Plate 1	B:10
w75	WO14	groin	Skin	Infected	GTATGCGC+TAGCGAGT	CTTACACC+CGTCGCTA	MiSeq	2x250bp	NAE8636A75	DRH--074	Plate 1	C:10
w76	WO14	groin	Skin	Infected	GTATGCGC+CTGCGTGT	CTTACACC+CTAGAGCT	MiSeq	2x250bp	NAE8636A76	DRH--075	Plate 1	D:10
w77	WO14	left side	Skin	Infected	ATGTGCAC+TCATCGAG	CTTACACC+GCTCTAGT	MiSeq	2x250bp	NAE8636A77	DRH--076	Plate 1	E:10
w78	WO14	left side	Skin	Infected	ATGTGCAC+CGTGAGTG	CTTACACC+GACACTGA	MiSeq	2x250bp	NAE8636A78	DRH--077	Plate 1	F:10
w79	WO15	toe	Skin	Infected	GTATGCGC+GGATATCT	CTTACACC+TGCGTACG	MiSeq	2x250bp	NAE8636A79	DRH--078	Plate 1	G:10
w80	WO15	toe	Skin	Infected	GTATGCGC+GACACCGT	CTTACACC+TAGTGTAG	MiSeq	2x250bp	NAE8636A80	DRH--079	Plate 1	H:10
w81	WO15	groin	Skin	Infected	GTACATAC+ATCGTACG	TGACCTCC+ACGACGTG	MiSeq	2x250bp	NAE8636A81	DRH--080	Plate 1	A:11
w82	WO15	groin	Skin	Infected	GTACATAC+ACTATCTG	TGACCTGC+ATATACAC	MiSeq	2x250bp	NAE8636A82	DRH--081	Plate 1	B:11
w83	WO15	right side	Skin	Infected	GTACATAC+TAGCGAGT	TGACCTCC+CGTCGCTA	MiSeq	2x250bp	NAE8636A83	DRH--082	Plate 1	C:11
w84	WO15	right side	Skin	Infected	GTACATAC+CTGCGTGT	TGACCTCC+CTAGAGCT	MiSeq	2x250bp	NAE8636A84	DRH--083	Plate 1	D:11
w85	W016	toe	Skin	Infected	GTACATAC+TCATCGAG	TGACCTCC+GCTCTAGT	MiSeq	2x250bp	NAE8636A85	DRH--084	Plate 1	E:11
w86	W016	toe	Skin	Infected	GTACATAC+CGTGAGTG	TGACCTCC+GACACTGA	MiSeq	2x250bp	NAE8636A86	DRH--085	Plate 1	F:11
w87	W016	groin	Skin	Infected	GTACATAC+GGATATCT	TGACCTCC+TGCGTACG	MiSeq	2x250bp	NAE8636A87	DRH--086	Plate 1	G:11
w88	W016	groin	Skin	Infected	GTACATAC+GACACCGT	TGACCTCC+TAGCGTAG	MiSeq	2x250bp	NAE8636A88	DRH--087	Plate 1	H:11
w89	W016	left side	Skin	Infected	TCCGACAC+ATCGTACG	ACAAGGAG+ACGACGTG	MiSeq	2x250bp	NAE8636A89	DRH--088	Plate 1	A:12
w90	W016	left side	Skin	Infected	TCCGACAC+ACTATCTG	ACAAGGAG+ATATACAC	MiSeq	2x250bp	NAE8636A90	DRH--089	Plate 1	B:12
w91	W017	toe	Skin	Infected	TCCGACAC+TAGCGAGT	ACAAGGAG+CGTCGCTA	MiSeq	2x250bp	NAE8636A91	DRH--090	Plate 1	C:12
w92	W017	toe	Skin	Infected	TCCGACAC+CTGCGTGT	ACAAGGAG+CTAGAGCT	MiSeq	2x250bp	NAE8636A92	DRH--091	Plate 1	D:12
w93	W017	groin	Skin	Infected	TCCGACAC+TCATCGAG	ACTAGGAG+GCCCTAGT	MiSeq	2x250bp	NAE8636A93	DRH--092	Plate 1	E:12
w94	W017	groin	Skin	Infected	TCCGACAC+CGTGAGTG	ACAAGGAG+GACACTGA	MiSeq	2x250bp	NAE8636A94	DRH--093	Plate 1	F:12
w95	W017	right side	Skin	Infected	CCAGTGTA+ATCGTACG	TATCAGGT+ACGACGTG	MiSeq	2x250bp	NAE8636A95	DRI--076	Plate 2	A:1
w96	W017	right side	Skin	Infected	CCAGTGTA+ACTATCTG	TATCAGGT+ATATACAC	MiSeq	2x250bp	NAE8636A96	DRI--077	Plate 2	B:1
w97	W018	toe	Skin	Infected	ACGCGCAG+TAGCGAGT	TATCAGGT+CGTCGCTA	MiSeq	2x250bp	NAE8636A97	DRI--078	Plate 2	C:1
w98	W018	toe	Skin	Infected	ACGCGCAG+CTGCGTGT	TATCAGGT+CTAGAGCT	MiSeq	2x250bp	NAE8636A98	DRI--079	Plate 2	D:1
w99	W018	groin	Skin	Infected	CCAGTGTA+TCATCGAG	TATCAGGT+GCTCTAGT	MiSeq	2x250bp	NAE8636A99	DRI--080	Plate 2	E:1
w100	W018	groin	Skin	Infected	CCAGTGTA+CGTGAGTG	TATCAGGT+GACACTGA	MiSeq	2x250bp	NAE8636A100	DRI--081	Plate 2	F:1
w101	W018	right side	Skin	Infected	CCAGTGTA+GGATATCT	TATCAGGT+TGCGTACG	MiSeq	2x250bp	NAE8636A101	DRI--082	Plate 2	G:1
w102	W018	right side	Skin	Infected	CCAGTGTA+GACACCGT	TATCAGGT+TAGTGTAG	MiSeq	2x250bp	NAE8636A102	DRI--083	Plate 2	H:1
w103	W019	toe	Skin	Infected	CCTCGTTC+ATCGTACG	TGTAATTG+ACGACGTG	MiSeq	2x250bp	NAE8636A103	DRI--084	Plate 2	A:2
w104	W019	toe	Skin	Infected	CCTCGTTC+ACTATCTG	TGTAATTG+ATATACAC	MiSeq	2x250bp	NAE8636A104	DRI--085	Plate 2	B:2
w105	W019	groin	Skin	Infected	CCTCGTTC+TAGCGAGT	TGTAATTG+CGTCGCTA	MiSeq	2x250bp	NAE8636A105	DRI--086	Plate 2	C:2
w106	W019	groin	Skin	Infected	CCTCGTTC+CTGCGTGT	TGTAATTG+CTAGAGCT	MiSeq	2x250bp	NAE8636A106	DRI--087	Plate 2	D:2
w107	W019	right side	Skin	Infected	CCTCGTTC+TCATCGAG	TGTAATTG+GCTCTAGT	MiSeq	2x250bp	NAE8636A107	DRI--088	Plate 2	E:2
w108	W019	right side	Skin	Infected	CCTCGTTC+CGTGAGTG	TGTAATTG+GACACTGA	MiSeq	2x250bp	NAE8636A108	DRI--089	Plate 2	F:2
w109	W020	toe	Skin	Infected	ACGCGCAG+GGATATCT	TGTAATTG+TGCGTACG	MiSeq	2x250bp	NAE8636A109	DRI--090	Plate 2	G:2
w110	W020	toe	Skin	Infected	ACGCGCAG+GACACCGT	TGTAATTG+TAGTGTAG	MiSeq	2x250bp	NAE8636A110	DRI--091	Plate 2	H:2
w111	W020	groin	Skin	Infected	TGAGTCAC+ATCGTACG	AATGGAGC+ACGACGTG	MiSeq	2x250bp	NAE8636A111	DRI--092	Plate 2	A:3
w112	W020	groin	Skin	Infected	TGAGTCAC+ACTATCTG	AATGGAGC+ATATACAC	MiSeq	2x250bp	NAE8636A112	DRI--093	Plate 2	B:3
w113	W020	right side	Skin	Infected	TGAGTCAC+TAGCGAGT	AATGGAGC+CGTCGCTA	MiSeq	2x250bp	NAE8636A113	DRI--094	Plate 2	C:3
w114	W020	right side	Skin	Infected	TGAGTCAC+CTGCGTGT	AATGGAGC+CTAGAGCT	MiSeq	2x250bp	NAE8636A114	DRI--095	Plate 2	D:3
w115	W021	toe	Skin	Infected	ACGCGCAG+TCATCGAG	AATGGAGC+GCTCTAGT	MiSeq	2x250bp	NAE8636A115	DRI--096	Plate 2	E:3
w116	W021	toe	Skin	Infected	ACGCGCAG+CGTGAGTG	AATGGAGC+GACACTGA	MiSeq	2x250bp	NAE8636A116	DRI--097	Plate 2	F:3
w117	W021	groin	Skin	Infected	TGAGTCAC+GGATATCT	AATGGAGC+TGCGTACG	MiSeq	2x250bp	NAE8636A117	DRI--098	Plate 2	G:3
w118	W021	groin	Skin	Infected	TGAGTCAC+GACACCGT	AATGGAGC+TAGTGTAG	MiSeq	2x250bp	NAE8636A118	DRI--099	Plate 2	H:3
w119	W021	right side	Skin	Infected	GACTTGGT+ATCGTACG	AGCTTGAC+ACGACGTG	MiSeq	2x250bp	NAE8636A119	DRI--100	Plate 2	A:4
w120	W021	right side	Skin	Infected	GACTTGGT+ACTATCTG	TGCAATGT+ATATACAC	MiSeq	2x250bp	NAE8636A120	DRI--101	Plate 2	B:4
w121	W022	toe	Skin	Infected	GACTTGGT+TAGCGAGT	AGCTTGAC+CGTCGCTA	MiSeq	2x250bp	NAE8636A121	DRI--102	Plate 2	C:4
w122	W022	toe	Skin	Infected	GACTTTCC+CTGCGTGT	AGCTTGAC+CTAGAGCT	MiSeq	2x250bp	NAE8636A122	DRI--103	Plate 2	D:4
w123	W022	groin	Skin	Infected	GACTTGGT+TCATCGAG	AGCTTGAC+GCTCTAGT	MiSeq	2x250bp	NAE8636A123	DRI--104	Plate 2	E:4
w124	W022	groin	Skin	Infected	GACTTGGT+CGTGAGTG	AGCTTGAC+GACACTGA	MiSeq	2x250bp	NAE8636A124	DRI--105	Plate 2	F:4
w125	W022	right side	Skin	Infected	GACTTGGT+GGATATCT	AGCTTGAC+TGCGTACG	MiSeq	2x250bp	NAE8636A125	DRI--106	Plate 2	G:4
w126	W022	right side	Skin	Infected	GACTTTCC+GACACCGT	AGCTTGAC+TAGTGTAG	MiSeq	2x250bp	NAE8636A126	DRI--107	Plate 2	H:4
w127	W023	toe	Skin	Infected	TACACGAT+ATCGTACG	TCTGTTGC+ACGACGTG	MiSeq	2x250bp	NAE8636A127	DRI--108	Plate 2	A:5
w128	W023	toe	Skin	Infected	ACGCGCAG+ACTATCTG	TCTGTTGC+ATATACAC	MiSeq	2x250bp	NAE8636A128	DRI--109	Plate 2	B:5
w129	W023	groin	Skin	Infected	TACACGAT+TAGCGAGT	TCTGTTGC+CGTCGCTA	MiSeq	2x250bp	NAE8636A129	DRI--110	Plate 2	C:5
w130	W023	groin	Skin	Infected	TACACGAT+CTGCGTGT	TCTGTTGC+CTAGAGCT	MiSeq	2x250bp	NAE8636A130	DRI--111	Plate 2	D:5
w131	W023	right side	Skin	Infected	TACACGAT+TCATCGAG	TCTGTTGC+GCTCTAGT	MiSeq	2x250bp	NAE8636A131	DRI--112	Plate 2	E:5
w132	W023	right side	Skin	Infected	TACACGAT+CGTGAGTG	TCTGTTGC+GACACTGA	MiSeq	2x250bp	NAE8636A132	DRI--113	Plate 2	F:5
w133	W024	toe	Skin	Infected	TACACGAT+GGATATCT	TCTGTTGC+TGCGTACG	MiSeq	2x250bp	NAE8636A133	DRI--114	Plate 2	G:5
w134	W024	toe	Skin	Infected	TACACGAT+GACACCGT	TCTGTTGC+TAGTGTAG	MiSeq	2x250bp	NAE8636A134	DRI--115	Plate 2	H:5
w135	W024	groin	Skin	Infected	GCACACAC+ATCGTACG	TACGGTAT+ACGACGTG	MiSeq	2x250bp	NAE8636A135	DRI--116	Plate 2	A:6
w136	W024	groin	Skin	Infected	GACTTTCC+ACTATCTG	TACGGTAT+ATATACAC	MiSeq	2x250bp	NAE8636A136	DRI--117	Plate 2	B:6
w137	W024	right side	Skin	Infected	GACTTTCC+TAGCGAGT	TACGGTAT+CGTCGCTA	MiSeq	2x250bp	NAE8636A137	DRI--118	Plate 2	C:6
w138	W024	right side	Skin	Infected	GCACACAC+CTGCGTGT	TACGGTAT+CTAGAGCT	MiSeq	2x250bp	NAE8636A138	DRI--119	Plate 2	D:6
w139	W025	toe	Skin	Infected	GACTTTCC+TCATCGAG	TACGGTAT+GCTCTAGT	MiSeq	2x250bp	NAE8636A139	DRI--120	Plate 2	E:6
w140	W025	toe	Skin	Infected	GCACACAC+CGTAGTG	TACGGTAT+GACACTGA	MiSeq	2x250bp	NAE8636A140	DRI--121	Plate 2	F:6
w141	W025	groin	Skin	Infected	GCACACAC+GGATATCT	TACGGTAT+TGCGTACG	MiSeq	2x250bp	NAE8636A141	DRI--122	Plate 2	G:6
w142	W025	groin	Skin	Infected	GCACACAC+GACACCGT	TACGGTAT+TAGTGTAG	MiSeq	2x250bp	NAE8636A142	DRI--123	Plate 2	H:6
w143	W025	left side	Skin	Infected	CACGCCAT+ATCGTACG	AGCCTAAG+ACGACGTG	MiSeq	2x250bp	NAE8636A143	DRI--124	Plate 2	A:7
w144	W025	left side	Skin	Infected	CACGCCAT+ACTATCTG	AGCCTAAG+ATATACAC	MiSeq	2x250bp	NAE8636A144	DRI--125	Plate 2	B:7
w145	W027	toe	Skin	Infected	ATCCCGAA+TAGCGAGT	AGCCTAAG+CGTCCCTA	MiSeq	2x250bp	NAE8636A145	DRI--126	Plate 2	C:7
w146	W027	toe	Skin	Infected	ATCCCGAA+CTGCGTG	AGCCTAAG+CTAGAGCT	MiSeq	2x250bp	NAE8636A146	DRI--127	Plate 2	D:7
w147	W027	groin	Skin	Infected	CACGCCAT+TCATCGAG	AGCCTAAG+GCTCTAGT	MiSeq	2x250bp	NAE8636A147	DRI--128	Plate 2	E:7
w148	W027	groin	Skin	Infected	CACGCCAT+CGTGAGTG	AGCCTAAG+GACACTGA	MiSeq	2x250bp	NAE8636A148	DRI--129	Plate 2	F:7
w149	W027	stomach	Skin	Infected	CACGCCAT+GGATATCT	AGCCTAAG+TGCGTACG	MiSeq	2x250bp	NAE8636A149	DRI--130	Plate 2	G:7
w150	W027	stomach	Skin	Infected	CACGCCAT+GACACCGT	AGCCTAAG+TAGTGTAG	MiSeq	2x250bp	NAE8636A150	DRI--131	Plate 2	H:7
w151	DW02	toe	Skin	Infected	CAGGCGTA+ATCGTACG	ATACCTTC+ACGACGTG	MiSeq	2x250bp	NAE8636A151	DRI--132	Plate 2	A:8
w152	DW02	toe	Skin	Infected	CAGGCGTA+ACTATCTG	ATACCTTC+ATATACAC	MiSeq	2x250bp	NAE8636A152	DRI--133	Plate 2	B:8
w153	DW02	groin	Skin	Infected	CAGGCGTA+TAGCGAGT	ATACCTTC+CGTCGCTA	MiSeq	2x250bp	NAE8636A153	DRI--134	Plate 2	C:8
w154	DW02	groin	Skin	Infected	CAGGCGTA+CTGCGTGT	ATACCTTC+CTAGAGCT	MiSeq	2x250bp	NAE8636A154	DRI--135	Plate 2	D:8
w155	DW02	right side	Skin	Infected	CAGGCGTA+TCATCGAG	ATACCTTC+GCTCTAGT	MiSeq	2x250bp	NAE8636A155	DRI--136	Plate 2	E:8
w156	DW02	right side	Skin	Infected	CAGGCGTA+CGTGAGTG	ATACCTTC+GACACTGA	MiSeq	2x250bp	NAE8636A156	DRI--137	Plate 2	F:8
w157	Vet1	toe	Skin	Infected	GACTTTCC+GGATATCT	ATACCTTC+TGCGTACG	MiSeq	2x250bp	NAE8636A157	DRI--138	Plate 2	G:8
w158	Vet1	toe	Skin	Infected	CAGGCGTA+GACACCGT	ATACCTTC+TAGTGTAG	MiSeq	2x250bp	NAE8636A158	DRI--139	Plate 2	H:8
w159	Vet1	groin	Skin	Infected	GGATCGCA+ATCGTACG	GAATGATG+ACGACGTG	MiSeq	2x250bp	NAE8636A159	DRI--140	Plate 2	A:9
w160	Vet1	groin	Skin	Infected	GGATCGCA+ACTATCTG	GAATGATG+ATATACAC	MiSeq	2x250bp	NAE8636A160	DRI--141	Plate 2	B:9
w161	Vet1	right side	Skin	Infected	GGATCGCA+TAGCGAGT	GAATGATG+CGTCGCTA	MiSeq	2x250bp	NAE8636A161	DRI--142	Plate 2	C:9
w162	Vet1	right side	Skin	Infected	GGATCGCA+CTGCGTGT	GAATGATG+CTATAGCT	MiSeq	2x250bp	NAE8636A162	DRI--143	Plate 2	D:9