SampleID	wombatid	bodysite	samplegrouping	SampleOrControl	sampletype	infectionstatus	Severity	ObsMangeStatus	OverallMangeScore	LocationMangeScore	TotalMiteCountPerIndividal	PCRstatus	SkinScrapingPCR	SwabPCR	GeographicLocation	16Sindexnumber	ITSindexnumber	platform	servicetype	limsid	samplecode	plate	well	Sequencingid	Yieldsequencing	KbpOrMbp	YieldConvertedKbp
w15	W003	groin	groin	True sample	Skin	Infected	Severe mange	mangey	8.6	NA	13	NA	NA	Positive	Tasmania	AATCAGTC+GGATATCT	GAGAGAAT+TGCGTACG	MiSeq	2x250bp	NAE8636A15	DRH--014	Plate 1	G:2	240	60.62	Mbp	60620
w16	W003	groin	groin	True sample	Skin	Infected	Severe mange	mangey	8.6	NA	13	NA	NA	Positive	Tasmania	AATCAGTC+GACACCGT	GAGAGAAT+TAGTGTAG	MiSeq	2x250bp	NAE8636A16	DRH--015	Plate 1	H:2	241	36.22	Mbp	36220
w17	W003	left side	Flanks/stomach	True sample	Skin	Infected	Severe mange	mangey	8.6	10	13	Positive	Positive	Positive	Tasmania	AATCCGTA+ATCGTACG	TCGTCGAT+ACGACGTG	MiSeq	2x250bp	NAE8636A17	DRH--016	Plate 1	A:3	242	71.92	Mbp	71920
w18	W003	left side	Flanks/stomach	True sample	Skin	Infected	Severe mange	mangey	8.6	10	13	Positive	Positive	Positive	Tasmania	AATCCGTA+ACTATCTG	TCGTCGAT+ATATACAC	MiSeq	2x250bp	NAE8636A18	DRH--017	Plate 1	B:3	243	43.35	Mbp	43350
w27	W005	groin	groin	True sample	Skin	Infected	Severe mange	mangey	3.9	NA	13	NA	NA	Positive	Tasmania	ACACCTGG+TAGCGAGT	TTCTACAC+CGTCGCTA	MiSeq	2x250bp	NAE8636A27	DRH--026	Plate 1	C:4	252	52.17	Mbp	52170
w28	W005	groin	groin	True sample	Skin	Infected	Severe mange	mangey	3.9	NA	13	NA	NA	Positive	Tasmania	ACACCTGG+CTGCGTGT	ATTGGGCT+CTAGAGCT	MiSeq	2x250bp	NAE8636A28	DRH--027	Plate 1	D:4	253	40	Mbp	40000
w29	W005	right side	Flanks/stomach	True sample	Skin	Infected	Severe mange	mangey	3.9	2	13	Positive	Positive	Positive	Tasmania	ACACCTGG+TCATCGAG	ATTGGGCT+GCTCTAGT	MiSeq	2x250bp	NAE8636A29	DRH--028	Plate 1	E:4	254	69.04	Mbp	69040
w30	W005	right side	Flanks/stomach	True sample	Skin	Infected	Severe mange	mangey	3.9	2	13	Positive	Positive	Positive	Tasmania	ACACCTGG+CGTGAGTG	ATTGGGCT+GACACTGA	MiSeq	2x250bp	NAE8636A30	DRH--029	Plate 1	F:4	255	73.27	Mbp	73270
w33	W006	groin	groin	True sample	Skin	Infected	Mangy	mangey	2.7	NA	2	NA	NA	Positive	Tasmania	TATCGTTG+ATCGTACG	ACCACATA+ACGACGTG	MiSeq	2x250bp	NAE8636A33	DRH--032	Plate 1	A:5	258	13.52	Mbp	13520
w34	W006	groin	groin	True sample	Skin	Infected	Mangy	mangey	2.7	NA	2	NA	NA	Positive	Tasmania	TATCGTTG+ACTATCTG	ATACTTCG+ATATACAC	MiSeq	2x250bp	NAE8636A34	DRH--033	Plate 1	B:5	259	54.95	Mbp	54950
w35	W006	right side	Flanks/stomach	True sample	Skin	Infected	Mangy	mangey	2.7	3	2	Positive	Positive	Positive	Tasmania	TATCGTTG+TAGCGAGT	ATACTTCG+CGTCGCTA	MiSeq	2x250bp	NAE8636A35	DRH--034	Plate 1	C:5	260	68.93	Mbp	68930
w36	W006	right side	Flanks/stomach	True sample	Skin	Infected	Mangy	mangey	2.7	3	2	Positive	Positive	Positive	Tasmania	TATCGTTG+CTGCGTGT	ACCACATA+CTAGAGCT	MiSeq	2x250bp	NAE8636A36	DRH--035	Plate 1	D:5	261	62.32	Mbp	62320
w51	W010	groin	groin	True sample	Skin	Uninfected	Confidently healthy	Healthy	0	0	0	NA	NA	Negative	Tasmania	AGGCTACA+TAGCGAGT	TCTACGGA+CGTCGCTA	MiSeq	2x250bp	NAE8636A51	DRH--050	Plate 1	C:7	276	61.54	Mbp	61540
w52	W010	groin	groin	True sample	Skin	Uninfected	Confidently healthy	Healthy	0	0	0	NA	NA	Negative	Tasmania	AGGCTACA+CTGCGTGT	AATGTCCG+CTAGAGCT	MiSeq	2x250bp	NAE8636A52	DRH--051	Plate 1	D:7	277	60.4	Mbp	60400
w53	W010	right side	Flanks/stomach	True sample	Skin	Uninfected	Confidently healthy	Healthy	0	0	0	Negative	Negative	Negative	Tasmania	AGGCTACA+TCATCGAG	AATGTCCG+GCTCTAGT	MiSeq	2x250bp	NAE8636A53	DRH--052	Plate 1	E:7	278	45.02	Mbp	45020
w54	W010	right side	Flanks/stomach	True sample	Skin	Uninfected	Confidently healthy	Healthy	0	0	0	Negative	Negative	Negative	Tasmania	AGGCTACA+CGTGAGTG	AATGTCCG+GACACTGA	MiSeq	2x250bp	NAE8636A54	DRH--053	Plate 1	F:7	279	70.28	Mbp	70280
w57	W011	groin	groin	True sample	Skin	Uninfected	Confidently healthy	Healthy	0	0	0	Uncertain	NA	NA	Tasmania	CTAACCTC+ATCGTACG	TACTTCGC+ACGACGTG	MiSeq	2x250bp	NAE8636A57	DRH--056	Plate 1	A:8	282	71.54	Mbp	71540
w58	W011	groin	groin	True sample	Skin	Uninfected	Confidently healthy	Healthy	0	0	0	Uncertain	NA	NA	Tasmania	CTAACCTC+ACTATCTG	TACTTCGC+ATATACAC	MiSeq	2x250bp	NAE8636A58	DRH--057	Plate 1	B:8	283	70.48	Mbp	70480
w59	W011	right side	Flanks/stomach	True sample	Skin	Uninfected	Confidently healthy	Healthy	0	0	0	Uncertain	NA	NA	Tasmania	CTAACCTC+TAGCGAGT	TACTTCGC+CGTCGCTA	MiSeq	2x250bp	NAE8636A59	DRH--058	Plate 1	C:8	284	79.23	Mbp	79230
w60	W011	right side	Flanks/stomach	True sample	Skin	Uninfected	Confidently healthy	Healthy	0	0	0	Uncertain	NA	NA	Tasmania	CTAACCTC+CTGCGTGT	TACTTCGC+CTAGAGCT	MiSeq	2x250bp	NAE8636A60	DRH--059	Plate 1	D:8	285	76.47	Mbp	76470
w63	W012	groin	groin	True sample	Skin	Uninfected	Confidently healthy	Healthy	0	0	0	Uncertain	NA	NA	Tasmania	CTAACCTC+GGATATCT	TACTTCGC+TGCGTACG	MiSeq	2x250bp	NAE8636A63	DRH--062	Plate 1	G:8	288	98.15	Mbp	98150
w64	W012	groin	groin	True sample	Skin	Uninfected	Confidently healthy	Healthy	0	0	0	Uncertain	NA	NA	Tasmania	CTAACCTC+GACACCGT	TACTTCGC+TAGTGTAG	MiSeq	2x250bp	NAE8636A64	DRH--063	Plate 1	H:8	289	79.43	Mbp	79430
w93	W017	groin	groin	True sample	Skin	Uninfected	Confidently healthy	healthy	0	0	0	NA	NA	NA	Tasmania	TCCGACAC+TCATCGAG	ACTAGGAG+GCCCTAGT	MiSeq	2x250bp	NAE8636A93	DRH--092	Plate 1	E:12	318	75.96	Mbp	75960
w94	W017	groin	groin	True sample	Skin	Uninfected	Confidently healthy	healthy	0	0	0	NA	NA	NA	Tasmania	TCCGACAC+CGTGAGTG	ACAAGGAG+GACACTGA	MiSeq	2x250bp	NAE8636A94	DRH--093	Plate 1	F:12	319	94.44	Mbp	94440
w95	W017	right side	Flanks/stomach	True sample	Skin	Uninfected	Confidently healthy	healthy	0	0	0	Negative	Negative	NA	Tasmania	CCAGTGTA+ATCGTACG	TATCAGGT+ACGACGTG	MiSeq	2x250bp	NAE8636A95	DRI--076	Plate 2	A:1	320	79.87	Mbp	79870
w96	W017	right side	Flanks/stomach	True sample	Skin	Uninfected	Confidently healthy	healthy	0	0	0	Negative	Negative	NA	Tasmania	CCAGTGTA+ACTATCTG	TATCAGGT+ATATACAC	MiSeq	2x250bp	NAE8636A96	DRI--077	Plate 2	B:1	321	64.92	Mbp	64920
w111	W020	groin	groin	True sample	Skin	Uninfected	Confidently healthy	Healthy	0	0	0	NA	NA	Negative	Tasmania	TGAGTCAC+ATCGTACG	AATGGAGC+ACGACGTG	MiSeq	2x250bp	NAE8636A111	DRI--092	Plate 2	A:3	336	77.66	Mbp	77660
w112	W020	groin	groin	True sample	Skin	Uninfected	Confidently healthy	Healthy	0	0	0	NA	NA	Negative	Tasmania	TGAGTCAC+ACTATCTG	AATGGAGC+ATATACAC	MiSeq	2x250bp	NAE8636A112	DRI--093	Plate 2	B:3	337	56.15	Mbp	56150
w113	W020	right side	Flanks/stomach	True sample	Skin	Uninfected	Confidently healthy	Healthy	0	0	0	Negative	Negative	Negative	Tasmania	TGAGTCAC+TAGCGAGT	AATGGAGC+CGTCGCTA	MiSeq	2x250bp	NAE8636A113	DRI--094	Plate 2	C:3	338	70.83	Mbp	70830
w114	W020	right side	Flanks/stomach	True sample	Skin	Uninfected	Confidently healthy	Healthy	0	0	0	Negative	Negative	Negative	Tasmania	TGAGTCAC+CTGCGTGT	AATGGAGC+CTAGAGCT	MiSeq	2x250bp	NAE8636A114	DRI--095	Plate 2	D:3	339	73.87	Mbp	73870
w117	W021	groin	groin	True sample	Skin	Infected	Severe mange	mangey	4.9	NA	18	NA	NA	Negative	Tasmania	TGAGTCAC+GGATATCT	AATGGAGC+TGCGTACG	MiSeq	2x250bp	NAE8636A117	DRI--098	Plate 2	G:3	342	89.1	Mbp	89100
w118	W021	groin	groin	True sample	Skin	Infected	Severe mange	mangey	4.9	NA	18	NA	NA	Negative	Tasmania	TGAGTCAC+GACACCGT	AATGGAGC+TAGTGTAG	MiSeq	2x250bp	NAE8636A118	DRI--099	Plate 2	H:3	343	66.19	Mbp	66190
w119	W021	right side	Flanks/stomach	True sample	Skin	Infected	Severe mange	mangey	4.9	2	18	Uncertain	Positive	Negative	Tasmania	GACTTGGT+ATCGTACG	AGCTTGAC+ACGACGTG	MiSeq	2x250bp	NAE8636A119	DRI--100	Plate 2	A:4	344	72.21	Mbp	72210
w120	W021	right side	Flanks/stomach	True sample	Skin	Infected	Severe mange	mangey	4.9	2	18	Uncertain	Positive	Negative	Tasmania	GACTTGGT+ACTATCTG	TGCAATGT+ATATACAC	MiSeq	2x250bp	NAE8636A120	DRI--101	Plate 2	B:4	345	61.58	Mbp	61580
w135	W024	groin	groin	True sample	Skin	Uninfected	Confidently healthy	Healthy	0	0	0	NA	NA	Negative	Tasmania	GCACACAC+ATCGTACG	TACGGTAT+ACGACGTG	MiSeq	2x250bp	NAE8636A135	DRI--116	Plate 2	A:6	360	70.83	Mbp	70830
w136	W024	groin	groin	True sample	Skin	Uninfected	Confidently healthy	Healthy	0	0	0	NA	NA	Negative	Tasmania	GACTTTCC+ACTATCTG	TACGGTAT+ATATACAC	MiSeq	2x250bp	NAE8636A136	DRI--117	Plate 2	B:6	361	67.55	Mbp	67550
w137	W024	right side	Flanks/stomach	True sample	Skin	Uninfected	Confidently healthy	Healthy	0	0	0	Negative	Positive/Negative	Negative	Tasmania	GACTTTCC+TAGCGAGT	TACGGTAT+CGTCGCTA	MiSeq	2x250bp	NAE8636A137	DRI--118	Plate 2	C:6	362	55.75	Mbp	55750
w138	W024	right side	Flanks/stomach	True sample	Skin	Uninfected	Confidently healthy	Healthy	0	0	0	Negative	Positive/Negative	Negative	Tasmania	GCACACAC+CTGCGTGT	TACGGTAT+CTAGAGCT	MiSeq	2x250bp	NAE8636A138	DRI--119	Plate 2	D:6	363	56.53	Mbp	56530
w143	W025	left side	Flanks/stomach	True sample	Skin	Infected	Mangy	mangey	2.14	2	0	Negative	Negative	Negative	Tasmania	CACGCCAT+ATCGTACG	AGCCTAAG+ACGACGTG	MiSeq	2x250bp	NAE8636A143	DRI--124	Plate 2	A:7	368	79.76	Mbp	79760
w144	W025	left side	Flanks/stomach	True sample	Skin	Infected	Mangy	mangey	2.14	2	0	Negative	Negative	Negative	Tasmania	CACGCCAT+ACTATCTG	AGCCTAAG+ATATACAC	MiSeq	2x250bp	NAE8636A144	DRI--125	Plate 2	B:7	369	77.93	Mbp	77930
w153	DW02	groin	groin	True sample	Skin	Infected	Severe mange	mangey	4.78	NA	NA	NA	NA	Positive	Tasmania	CAGGCGTA+TAGCGAGT	ATACCTTC+CGTCGCTA	MiSeq	2x250bp	NAE8636A153	DRI--134	Plate 2	C:8	378	62.47	Mbp	62470
w154	DW02	groin	groin	True sample	Skin	Infected	Severe mange	mangey	4.78	NA	NA	NA	NA	Positive	Tasmania	CAGGCGTA+CTGCGTGT	ATACCTTC+CTAGAGCT	MiSeq	2x250bp	NAE8636A154	DRI--135	Plate 2	D:8	379	64.67	Mbp	64670
w155	DW02	right side	Flanks/stomach	True sample	Skin	Infected	Severe mange	mangey	4.78	10	NA	Positive	NA	Positive	Tasmania	CAGGCGTA+TCATCGAG	ATACCTTC+GCTCTAGT	MiSeq	2x250bp	NAE8636A155	DRI--136	Plate 2	E:8	380	57.67	Mbp	57670
w156	DW02	right side	Flanks/stomach	True sample	Skin	Infected	Severe mange	mangey	4.78	10	NA	Positive	NA	Positive	Tasmania	CAGGCGTA+CGTGAGTG	ATACCTTC+GACACTGA	MiSeq	2x250bp	NAE8636A156	DRI--137	Plate 2	F:8	381	53.56	Mbp	53560
w159	Vet1	groin	groin	True sample	Skin	Infected	Mangy	maybe mange	2.57	NA	NA	NA	NA	NA	Tasmania	GGATCGCA+ATCGTACG	GAATGATG+ACGACGTG	MiSeq	2x250bp	NAE8636A159	DRI--140	Plate 2	A:9	384	80.43	Mbp	80430
w160	Vet1	groin	groin	True sample	Skin	Infected	Mangy	maybe mange	2.57	NA	NA	NA	NA	NA	Tasmania	GGATCGCA+ACTATCTG	GAATGATG+ATATACAC	MiSeq	2x250bp	NAE8636A160	DRI--141	Plate 2	B:9	385	53.16	Mbp	53160
w161	Vet1	right side	Flanks/stomach	True sample	Skin	Infected	Mangy	maybe mange	2.57	NA	NA	NA	NA	NA	Tasmania	GGATCGCA+TAGCGAGT	GAATGATG+CGTCGCTA	MiSeq	2x250bp	NAE8636A161	DRI--142	Plate 2	C:9	386	49.3	Mbp	49300
w162	Vet1	right side	Flanks/stomach	True sample	Skin	Infected	Mangy	maybe mange	2.57	NA	NA	NA	NA	NA	Tasmania	GGATCGCA+CTGCGTGT	GAATGATG+CTATAGCT	MiSeq	2x250bp	NAE8636A162	DRI--143	Plate 2	D:9	387	71.41	Mbp	71410